{
    "feature_names": [
        "eye_distance",
        "nose_to_chin",
        "mouth_width",
        "jaw_width",
        "nose_to_eye"
    ],
    "min_values": [
        36.0,
        31.400636936215164,
        24.33105012119288,
        62.03224967708329,
        23.706539182259394
    ],
    "max_values": [
        226.035395458322,
        218.14673960433143,
        158.02847844613325,
        397.2832742515093,
        167.621597653763
    ]
}